Index,Keyword,Tweets
0,bts,: BTS's () iHeartRadio Jingle Ball performance will be aired later today on at /7c! AM KST | PM ESTâ¦
1,bts,: MAGIC SHOP â 
2,bts,: + updated details about pre-registration for live recordings/broadcasts of music shows + armys on weverseâ¦
3,bts,": There's so much to celebrate this year, and we wanted to highlight a special one for the fans! Have you seâ¦"
4,bts,: [] Season Greating Trans ID
5,bts,: SEASON'S GREETINGS â¦
6,bts,: Their partnership with Unicef was years long and was for ending violence for young people correlated with their Love Yourselâ¦
7,bts,: Q: Any regret? : I was too lazy : Who's more hard-working than Jungkook? &ltn't get it Jungkook is anything but lazy&gt; :â¦
8,bts,: Seokjinnie is the most purest &amp; sweetest soul! He loves us so much that he always takes time to make us happy by comingâ¦
9,bts,: SEASON'S GREETINGS
10,bts,: KPOP LIGHTSTICK WORLDWIDE GIVEAWAY!! rules: â like or retweet to enter! â reply with the lighstick you want! ends: jâ¦
11,bts,: SEASON'S GREETINGS
12,bts,: Aww....Taehyung you are so naughty but also innocent like a Baby! The way he was teasing Namjoon brother ð¤£â¦
13,bts,: ATEEZ LOVE BTS OK WHAT IS SO HARD FOR PEOPLE TO GET. BTS IS ONE OF THEIR BIGGEST INSPIRATIONS. THEY ARE AN AMAZING ROOKIEâ¦
14,bts,: JIMIN CALLED BTS HIS âBABY BEARSâ ð¥ºð¥ºð¥ºð¥º
15,bts,: SEASON'S GREETINGS
16,bts,: So so so handsome!!!
17,bts,: jiminâs on his tippy toes ð¥º cr. peaches_bts
18,bts,: SEASON'S GREETINGS
19,bts,: Seokjinie still wears gifts given by fans even though stopped receiving themð¥º These gifts are by Saudi ARMY and he wâ¦
0,nba,: Donât blame him one damn bit. Look at the headaches given to him by the NCAA. They keep this up â and the NBA hones in oâ¦
1,nba,: The supports this decision.
2,nba,": ""They were really aggressive and physical with us, and that impacted us early. I was happy to see us stabilize and defend inâ¦"
3,nba,: buries a CAREER-HIGH â£ -pointers to lead the past LAL and to the best record (25-4) in the NBA! PTS |â¦
4,nba,: Cristiano Ronaldo jumped inches from the ground vs Sampdoria when scoring his header. The average NBA player jumps â¦
5,nba,: My man Russell Westbrook made them check if the rim was level during an NBA game. We got issues with the setups in regular sporâ¦
6,nba,: the updated standings through Dec. !
7,nba,Shots fired
8,nba,"Stephen, this just reminds us again of how humble &amp; generous of a person youâ¦"
9,nba,"Wish u was on the court in the nba, they a lot of teams that need your talent, these otganizations need to pick up the phone"
0,chicken,Itâs one of those dogs that look like fried chicken and no Iâm in korea so just a bus? Idk lol
1,chicken,: Thought it was a frozen chicken breast
2,chicken,: Thought it was a frozen chicken breast
3,chicken,: Thought it was a frozen chicken breast
4,chicken,: Itâs one down! The Capitalist Fool has fallen. His chicken audacity never got him anywhere. The problem of eNCA is far mâ¦
5,chicken,: Thought it was a frozen chicken breast
6,chicken,: Thought it was a frozen chicken breast
7,chicken,Lol..... Shey you go ask this same question for market when you go buy chicken??
8,chicken,: March : please eat chicken in March th.
9,chicken,: R. Kelly: I believe I can fly yr old me: I GOT SHOT BY THE FBI. ALL I WANTED WAS SOME CHICKEN WINGSSSSS
0,ironman,: Fascinations Ironman Avengers Metal Earth Laser Cut Out Model Kit MEM003 â¦
1,ironman,Fascinations Ironman Avengers Metal Earth Laser Cut Out Model Kit MEM003 â¦
2,ironman,protect the dignity of the racist at all cost mxm
3,ironman,: Congratulations YOU ARE IRONMAN Retired Detective Fred Caravousanos https:â¦
4,ironman,: Favorite character in marvel? Yunhyeong: Ironman. Though it sounds like an obvious answer but I think ironman is the coolest oâ¦
5,ironman,: One of my favorite scene from
6,ironman,Congratulations YOU ARE IRONMAN Retired Detective Fred Caravousanos
7,ironman,: Hammerhead.. Throw your ð¤ð¤!! â£ â£ Finally the wait is over.. will headline the second day â¦
8,ironman,sex with deep feels
9,ironman,: Teacher : Who is the savior of the whole world? Me: Jesus Christ Teacher : Then Why did you write Ironman? Me:
